chain, residue_label, residue_name, score, zscore, probability, pocket
A,   14, GLU,  0.0490,  -0.3521,   0.0010, 0
A,   15, GLU,  0.0120,  -0.3728,   0.0004, 0
A,   16, SER,  0.1382,  -0.3024,   0.0038, 0
A,   17, PHE,  0.2372,  -0.2473,   0.0092, 5
A,   18, LEU,  0.2708,  -0.2285,   0.0116, 0
A,   19, TYR,  1.1911,   0.2845,   0.1937, 0
A,   20, PHE,  0.4991,  -0.1012,   0.0358, 0
A,   21, ALA,  0.7102,   0.0164,   0.0717, 1
A,   22, TYR,  1.3414,   0.3682,   0.2367, 1
A,   23, GLY,  1.7963,   0.6218,   0.3627, 1
A,   24, SER,  2.6304,   1.0867,   0.5470, 1
A,   25, ASN,  2.1443,   0.8158,   0.4464, 1
A,   26, LEU,  0.2437,  -0.2436,   0.0097, 0
A,   27, LEU,  0.0296,  -0.3630,   0.0006, 0
A,   28, THR,  0.1018,  -0.3227,   0.0024, 0
A,   29, GLU,  0.0373,  -0.3587,   0.0008, 0
A,   30, ARG,  0.9775,   0.1654,   0.1350, 1
A,   31, ILE,  0.0129,  -0.3723,   0.0004, 0
A,   32, HIS,  0.1041,  -0.3214,   0.0025, 0
A,   33, LEU,  0.0442,  -0.3549,   0.0009, 0
A,   34, ARG,  0.0470,  -0.3533,   0.0010, 1
A,   35, ASN,  0.0247,  -0.3657,   0.0006, 0
A,   36, PRO,  0.0358,  -0.3595,   0.0007, 0
A,   37, SER,  0.0334,  -0.3609,   0.0007, 0
A,   38, ALA,  0.0652,  -0.3431,   0.0014, 0
A,   39, ALA,  0.0923,  -0.3280,   0.0021, 0
A,   40, PHE,  0.2856,  -0.2203,   0.0128, 0
A,   41, PHE,  0.4324,  -0.1384,   0.0273, 0
A,   42, CYS,  0.3708,  -0.1728,   0.0205, 0
A,   43, VAL,  0.1972,  -0.2696,   0.0067, 0
A,   44, ALA,  0.0378,  -0.3584,   0.0008, 0
A,   45, ARG,  0.1118,  -0.3171,   0.0028, 0
A,   46, LEU,  0.7760,   0.0531,   0.0859, 0
A,   47, GLN,  0.6649,  -0.0089,   0.0628, 0
A,   48, ASP,  0.3420,  -0.1888,   0.0177, 0
A,   49, PHE,  0.9519,   0.1512,   0.1283, 0
A,   50, LYS,  0.6084,  -0.0403,   0.0527, 0
A,   51, LEU,  0.7503,   0.0387,   0.0802, 0
A,   52, ASP,  0.6712,  -0.0054,   0.0640, 4
A,   53, PHE,  0.5192,  -0.0901,   0.0387, 0
A,   54, GLY,  0.0671,  -0.3421,   0.0014, 0
A,   55, ASN,  0.6783,  -0.0014,   0.0654, 0
A,   56, SER,  0.0940,  -0.3271,   0.0021, 0
A,   57, GLN,  0.1256,  -0.3094,   0.0033, 0
A,   58, GLY,  0.0361,  -0.3593,   0.0007, 0
A,   59, LYS,  0.1244,  -0.3101,   0.0032, 0
A,   60, THR,  0.7831,   0.0571,   0.0874, 0
A,   61, SER,  0.6424,  -0.0214,   0.0586, 1
A,   62, GLN,  0.1691,  -0.2852,   0.0052, 1
A,   63, THR,  0.3654,  -0.1758,   0.0199, 1
A,   64, TRP,  1.6535,   0.5422,   0.3249, 1
A,   65, HIS,  0.6580,  -0.0127,   0.0615, 0
A,   66, GLY,  0.5842,  -0.0538,   0.0488, 0
A,   67, GLY,  0.5611,  -0.0667,   0.0450, 0
A,   68, ILE,  1.6578,   0.5446,   0.3260, 1
A,   69, ALA,  1.8967,   0.6777,   0.3882, 1
A,   70, THR,  0.4314,  -0.1390,   0.0272, 0
A,   71, ILE,  0.1118,  -0.3171,   0.0028, 0
A,   72, PHE,  0.3897,  -0.1622,   0.0225, 4
A,   73, GLN,  0.5324,  -0.0827,   0.0407, 0
A,   74, SER,  0.0851,  -0.3320,   0.0019, 0
A,   75, PRO,  0.0180,  -0.3694,   0.0005, 0
A,   76, GLY,  0.0236,  -0.3663,   0.0005, 0
A,   77, ASP,  0.2731,  -0.2273,   0.0118, 0
A,   78, GLU,  0.1884,  -0.2744,   0.0062, 0
A,   79, VAL,  0.1264,  -0.3090,   0.0033, 0
A,   80, TRP,  0.0983,  -0.3247,   0.0023, 0
A,   81, GLY,  0.0000,  -0.3795,   0.0002, 0
A,   82, VAL,  0.0000,  -0.3795,   0.0002, 0
A,   83, VAL,  0.0000,  -0.3795,   0.0002, 0
A,   84, TRP,  0.0858,  -0.3316,   0.0019, 0
A,   85, LYS,  0.0712,  -0.3398,   0.0015, 0
A,   86, MET,  0.0269,  -0.3645,   0.0006, 0
A,   87, ASN,  0.0207,  -0.3679,   0.0005, 0
A,   88, LYS,  0.1513,  -0.2951,   0.0044, 0
A,   89, SER,  0.0229,  -0.3667,   0.0005, 0
A,   90, ASN,  0.0266,  -0.3646,   0.0006, 0
A,   91, LEU,  0.1572,  -0.2918,   0.0046, 5
A,   92, ASN,  0.0567,  -0.3479,   0.0012, 0
A,   93, SER,  0.0167,  -0.3701,   0.0004, 0
A,   94, LEU,  0.1022,  -0.3225,   0.0024, 0
A,   95, ASP,  0.3127,  -0.2052,   0.0150, 0
A,   96, GLU,  0.0534,  -0.3497,   0.0011, 0
A,   97, GLN,  1.0557,   0.2090,   0.1560, 1
A,   98, GLU,  2.7393,   1.1474,   0.5668, 1
A,   99, GLY,  0.2822,  -0.2222,   0.0125, 0
A,  100, VAL,  1.2211,   0.3012,   0.2023, 0
A,  101, LYS,  0.8703,   0.1056,   0.1078, 0
A,  102, SER,  0.2623,  -0.2332,   0.0110, 0
A,  103, GLY,  0.3676,  -0.1745,   0.0202, 0
A,  104, MET,  0.9198,   0.1333,   0.1203, 1
A,  105, TYR,  3.1138,   1.3562,   0.6285, 1
A,  106, VAL,  0.7073,   0.0148,   0.0712, 0
A,  107, VAL,  0.8496,   0.0941,   0.1028, 0
A,  108, ILE,  0.1406,  -0.3011,   0.0039, 0
A,  109, GLU,  0.8210,   0.0781,   0.0961, 5
A,  110, VAL,  0.8110,   0.0726,   0.0937, 0
A,  111, LYS,  1.0800,   0.2225,   0.1626, 0
A,  112, VAL,  0.2882,  -0.2188,   0.0130, 0
A,  113, ALA,  0.0530,  -0.3499,   0.0011, 0
A,  114, THR,  0.2390,  -0.2462,   0.0093, 0
A,  115, GLN,  0.1052,  -0.3208,   0.0025, 0
A,  116, GLU,  0.2302,  -0.2511,   0.0087, 0
A,  117, GLY,  0.0104,  -0.3737,   0.0004, 0
A,  118, LYS,  0.1995,  -0.2683,   0.0068, 0
A,  119, GLU,  0.2139,  -0.2602,   0.0077, 0
A,  120, ILE,  0.1899,  -0.2736,   0.0063, 0
A,  121, THR,  0.2279,  -0.2524,   0.0086, 5
A,  122, CYS,  0.2319,  -0.2502,   0.0089, 5
A,  123, ARG,  0.3861,  -0.1642,   0.0221, 5
A,  124, SER,  0.4628,  -0.1215,   0.0310, 0
A,  125, TYR,  0.5054,  -0.0978,   0.0367, 1
A,  126, LEU,  0.1751,  -0.2818,   0.0055, 0
A,  127, MET,  0.3603,  -0.1787,   0.0194, 3
A,  128, THR,  0.5546,  -0.0703,   0.0440, 3
A,  129, ASN,  0.7572,   0.0426,   0.0817, 3
A,  130, TYR,  0.4043,  -0.1541,   0.0240, 3
A,  131, GLU,  0.0675,  -0.3418,   0.0014, 0
A,  132, SER,  0.2395,  -0.2460,   0.0094, 4
A,  133, ALA,  0.6552,  -0.0143,   0.0610, 0
A,  134, PRO,  0.6425,  -0.0214,   0.0587, 0
A,  135, PRO,  0.2644,  -0.2321,   0.0111, 0
A,  136, SER,  0.1512,  -0.2952,   0.0044, 0
A,  137, PRO,  0.2261,  -0.2534,   0.0085, 0
A,  138, GLN,  0.0871,  -0.3309,   0.0019, 0
A,  139, TYR,  2.2634,   0.8822,   0.4731, 1
A,  140, LYS,  0.4835,  -0.1099,   0.0337, 0
A,  141, LYS,  0.4098,  -0.1510,   0.0247, 0
A,  142, ILE,  0.0938,  -0.3272,   0.0021, 0
A,  143, ILE,  0.4150,  -0.1481,   0.0252, 0
A,  144, CYS,  0.4424,  -0.1329,   0.0285, 0
A,  145, MET,  0.1727,  -0.2832,   0.0054, 0
A,  146, GLY,  0.0141,  -0.3716,   0.0004, 0
A,  147, ALA,  0.0318,  -0.3617,   0.0007, 0
A,  148, LYS,  0.1080,  -0.3193,   0.0026, 0
A,  149, GLU,  0.0558,  -0.3483,   0.0011, 0
A,  150, ASN,  0.1244,  -0.3101,   0.0032, 0
A,  151, GLY,  0.0664,  -0.3425,   0.0014, 0
A,  152, LEU,  0.0073,  -0.3754,   0.0003, 0
A,  153, PRO,  0.0305,  -0.3624,   0.0007, 0
A,  154, LEU,  0.0250,  -0.3655,   0.0006, 0
A,  155, GLU,  0.0160,  -0.3705,   0.0004, 0
A,  156, TYR,  0.2584,  -0.2355,   0.0107, 0
A,  157, GLN,  0.0616,  -0.3451,   0.0013, 0
A,  158, GLU,  0.0316,  -0.3618,   0.0007, 0
A,  159, LYS,  0.5492,  -0.0733,   0.0432, 0
A,  160, LEU,  0.5196,  -0.0899,   0.0387, 0
A,  161, LYS,  0.4209,  -0.1449,   0.0259, 0
A,  162, ALA,  0.0300,  -0.3627,   0.0006, 0
A,  163, ILE,  0.6739,  -0.0038,   0.0645, 0
A,  164, GLU,  0.0187,  -0.3690,   0.0005, 0
A,  165, PRO,  0.1366,  -0.3033,   0.0037, 0
A,  166, ASN,  0.6071,  -0.0411,   0.0525, 0
A,  167, ASP,  0.0284,  -0.3636,   0.0006, 0
A,  168, TYR,  0.1123,  -0.3169,   0.0028, 0
A,  169, THR,  0.0285,  -0.3636,   0.0006, 0
A,  170, GLY,  0.0528,  -0.3500,   0.0011, 0
A,  171, LYS,  0.0501,  -0.3515,   0.0010, 0
A,  172, VAL,  0.0222,  -0.3671,   0.0005, 0
A,  173, SER,  0.0274,  -0.3642,   0.0006, 0
A,  174, GLU,  0.0052,  -0.3766,   0.0003, 0
A,  175, GLU,  0.0396,  -0.3574,   0.0008, 0
A,  176, ILE,  0.0399,  -0.3572,   0.0008, 0
A,  177, GLU,  0.0390,  -0.3577,   0.0008, 0
A,  178, ASP,  0.0044,  -0.3770,   0.0003, 0
A,  179, ILE,  0.0280,  -0.3638,   0.0006, 0
A,  180, ILE,  0.0343,  -0.3603,   0.0007, 0
A,  181, LYS,  0.0137,  -0.3718,   0.0004, 0
A,  182, LYS,  0.0267,  -0.3646,   0.0006, 0
B,   15, GLU,  0.0179,  -0.3695,   0.0005, 0
B,   16, SER,  0.0993,  -0.3241,   0.0023, 0
B,   17, PHE,  0.1847,  -0.2765,   0.0060, 0
B,   18, LEU,  0.1962,  -0.2701,   0.0066, 0
B,   19, TYR,  1.7485,   0.5952,   0.3506, 0
B,   20, PHE,  0.4081,  -0.1520,   0.0245, 0
B,   21, ALA,  0.7739,   0.0519,   0.0854, 2
B,   22, TYR,  1.2400,   0.3117,   0.2076, 2
B,   23, GLY,  1.8274,   0.6391,   0.3707, 2
B,   24, SER,  2.8100,   1.1868,   0.5794, 2
B,   25, ASN,  2.1193,   0.8019,   0.4407, 2
B,   26, LEU,  0.3126,  -0.2052,   0.0150, 0
B,   27, LEU,  0.1331,  -0.3053,   0.0036, 0
B,   28, THR,  0.1902,  -0.2735,   0.0063, 0
B,   29, GLU,  0.1201,  -0.3125,   0.0031, 0
B,   30, ARG,  1.7617,   0.6025,   0.3539, 2
B,   31, ILE,  0.0125,  -0.3725,   0.0004, 0
B,   32, HIS,  0.0786,  -0.3357,   0.0017, 0
B,   33, LEU,  0.0822,  -0.3336,   0.0018, 0
B,   34, ARG,  0.1067,  -0.3200,   0.0026, 2
B,   35, ASN,  0.0211,  -0.3677,   0.0005, 0
B,   36, PRO,  0.0212,  -0.3677,   0.0005, 0
B,   37, SER,  0.0406,  -0.3568,   0.0008, 0
B,   38, ALA,  0.0427,  -0.3557,   0.0009, 0
B,   39, ALA,  0.0550,  -0.3488,   0.0011, 0
B,   40, PHE,  0.5239,  -0.0874,   0.0394, 0
B,   41, PHE,  0.6605,  -0.0113,   0.0620, 0
B,   42, CYS,  0.6262,  -0.0304,   0.0558, 0
B,   43, VAL,  0.2622,  -0.2333,   0.0110, 0
B,   44, ALA,  0.1318,  -0.3060,   0.0035, 0
B,   45, ARG,  0.2064,  -0.2644,   0.0072, 0
B,   46, LEU,  1.0680,   0.2158,   0.1594, 0
B,   47, GLN,  0.7406,   0.0333,   0.0781, 0
B,   48, ASP,  0.4568,  -0.1249,   0.0302, 0
B,   49, PHE,  1.1688,   0.2720,   0.1875, 0
B,   50, LYS,  0.3690,  -0.1738,   0.0203, 0
B,   51, LEU,  0.5052,  -0.0979,   0.0366, 0
B,   52, ASP,  0.7450,   0.0358,   0.0790, 0
B,   53, PHE,  0.4192,  -0.1458,   0.0257, 0
B,   54, GLY,  0.0182,  -0.3693,   0.0005, 0
B,   55, ASN,  0.1960,  -0.2702,   0.0066, 6
B,   56, SER,  0.1644,  -0.2878,   0.0050, 0
B,   57, GLN,  0.0574,  -0.3475,   0.0012, 0
B,   58, GLY,  0.0544,  -0.3491,   0.0011, 0
B,   59, LYS,  0.1923,  -0.2723,   0.0064, 0
B,   60, THR,  0.4882,  -0.1073,   0.0343, 6
B,   61, SER,  0.7465,   0.0366,   0.0794, 2
B,   62, GLN,  0.4206,  -0.1450,   0.0259, 0
B,   63, THR,  0.8748,   0.1082,   0.1090, 2
B,   64, TRP,  1.9413,   0.7026,   0.3990, 2
B,   65, HIS,  0.2238,  -0.2547,   0.0083, 6
B,   66, GLY,  0.1760,  -0.2814,   0.0055, 6
B,   67, GLY,  0.1252,  -0.3097,   0.0033, 6
B,   68, ILE,  1.8959,   0.6773,   0.3880, 2
B,   69, ALA,  2.0023,   0.7366,   0.4140, 2
B,   70, THR,  0.5653,  -0.0644,   0.0457, 0
B,   71, ILE,  0.1876,  -0.2749,   0.0062, 3
B,   72, PHE,  0.7477,   0.0373,   0.0796, 3
B,   73, GLN,  0.8317,   0.0841,   0.0986, 0
B,   74, SER,  0.2574,  -0.2360,   0.0106, 0
B,   75, PRO,  0.0266,  -0.3647,   0.0006, 0
B,   76, GLY,  0.0128,  -0.3723,   0.0004, 0
B,   77, ASP,  0.1262,  -0.3091,   0.0033, 0
B,   78, GLU,  0.1289,  -0.3076,   0.0034, 0
B,   79, VAL,  0.0833,  -0.3330,   0.0018, 0
B,   80, TRP,  0.0581,  -0.3471,   0.0012, 0
B,   81, GLY,  0.0000,  -0.3795,   0.0002, 0
B,   82, VAL,  0.0000,  -0.3795,   0.0002, 0
B,   83, VAL,  0.0000,  -0.3795,   0.0002, 0
B,   84, TRP,  0.0879,  -0.3305,   0.0020, 0
B,   85, LYS,  0.1029,  -0.3221,   0.0024, 0
B,   86, MET,  0.0110,  -0.3733,   0.0004, 0
B,   87, ASN,  0.0402,  -0.3571,   0.0008, 0
B,   88, LYS,  0.0960,  -0.3259,   0.0022, 0
B,   89, SER,  0.0348,  -0.3601,   0.0007, 0
B,   90, ASN,  0.0365,  -0.3591,   0.0008, 0
B,   91, LEU,  0.1701,  -0.2847,   0.0053, 5
B,   92, ASN,  0.0771,  -0.3365,   0.0017, 0
B,   93, SER,  0.0138,  -0.3718,   0.0004, 0
B,   94, LEU,  0.0131,  -0.3722,   0.0004, 0
B,   95, ASP,  0.3516,  -0.1835,   0.0186, 0
B,   96, GLU,  0.0349,  -0.3600,   0.0007, 0
B,   97, GLN,  1.1525,   0.2630,   0.1829, 2
B,   98, GLU,  3.0556,   1.3237,   0.6197, 2
B,   99, GLY,  0.1473,  -0.2974,   0.0042, 0
B,  100, VAL,  1.1024,   0.2350,   0.1688, 0
B,  101, LYS,  1.0182,   0.1881,   0.1459, 0
B,  102, SER,  0.2196,  -0.2570,   0.0080, 0
B,  103, GLY,  0.2009,  -0.2675,   0.0069, 0
B,  104, MET,  0.9557,   0.1533,   0.1293, 2
B,  105, TYR,  2.7520,   1.1545,   0.5692, 2
B,  106, VAL,  0.2710,  -0.2284,   0.0116, 0
B,  107, VAL,  0.4328,  -0.1382,   0.0274, 5
B,  108, ILE,  0.2084,  -0.2633,   0.0073, 0
B,  109, GLU,  1.0978,   0.2325,   0.1676, 5
B,  110, VAL,  0.9360,   0.1423,   0.1243, 0
B,  111, LYS,  1.1653,   0.2701,   0.1866, 0
B,  112, VAL,  0.2409,  -0.2452,   0.0095, 0
B,  113, ALA,  0.0628,  -0.3445,   0.0013, 0
B,  114, THR,  0.2686,  -0.2297,   0.0115, 0
B,  115, GLN,  0.1685,  -0.2855,   0.0052, 0
B,  116, GLU,  0.1438,  -0.2993,   0.0041, 0
B,  117, GLY,  0.0076,  -0.3752,   0.0003, 0
B,  118, LYS,  0.4156,  -0.1478,   0.0253, 0
B,  119, GLU,  0.2030,  -0.2663,   0.0070, 0
B,  120, ILE,  0.1851,  -0.2763,   0.0060, 0
B,  121, THR,  0.1086,  -0.3189,   0.0026, 0
B,  122, CYS,  0.1695,  -0.2850,   0.0052, 0
B,  123, ARG,  0.3793,  -0.1680,   0.0214, 5
B,  124, SER,  0.3100,  -0.2067,   0.0148, 0
B,  125, TYR,  0.6524,  -0.0158,   0.0605, 2
B,  126, LEU,  0.1135,  -0.3162,   0.0028, 0
B,  127, MET,  0.3417,  -0.1890,   0.0177, 3
B,  128, THR,  0.4922,  -0.1051,   0.0348, 3
B,  129, ASN,  0.4711,  -0.1169,   0.0320, 4
B,  130, TYR,  0.6631,  -0.0099,   0.0625, 3
B,  131, GLU,  0.2290,  -0.2518,   0.0087, 0
B,  132, SER,  0.3274,  -0.1970,   0.0164, 0
B,  133, ALA,  0.1951,  -0.2707,   0.0066, 6
B,  134, PRO,  0.1675,  -0.2861,   0.0051, 6
B,  135, PRO,  0.3671,  -0.1749,   0.0201, 0
B,  136, SER,  0.1428,  -0.2999,   0.0040, 0
B,  137, PRO,  0.1741,  -0.2824,   0.0055, 0
B,  138, GLN,  0.0663,  -0.3425,   0.0014, 0
B,  139, TYR,  2.8145,   1.1893,   0.5802, 2
B,  140, LYS,  0.7273,   0.0260,   0.0754, 0
B,  141, LYS,  0.7605,   0.0445,   0.0824, 0
B,  142, ILE,  0.0213,  -0.3676,   0.0005, 0
B,  143, ILE,  0.2698,  -0.2291,   0.0115, 0
B,  144, CYS,  0.8295,   0.0829,   0.0981, 0
B,  145, MET,  0.3149,  -0.2039,   0.0152, 0
B,  146, GLY,  0.0407,  -0.3568,   0.0008, 0
B,  147, ALA,  0.0188,  -0.3690,   0.0005, 0
B,  148, LYS,  0.1223,  -0.3113,   0.0031, 0
B,  149, GLU,  0.2020,  -0.2669,   0.0070, 0
B,  150, ASN,  0.2269,  -0.2530,   0.0085, 0
B,  151, GLY,  0.1278,  -0.3082,   0.0034, 0
B,  152, LEU,  0.0283,  -0.3637,   0.0006, 0
B,  153, PRO,  0.0238,  -0.3662,   0.0005, 0
B,  154, LEU,  0.0126,  -0.3725,   0.0004, 0
B,  155, GLU,  0.0177,  -0.3696,   0.0005, 0
B,  156, TYR,  0.1884,  -0.2744,   0.0062, 0
B,  157, GLN,  0.0376,  -0.3585,   0.0008, 0
B,  158, GLU,  0.0167,  -0.3701,   0.0004, 0
B,  159, LYS,  0.1982,  -0.2690,   0.0068, 0
B,  160, LEU,  0.7043,   0.0131,   0.0705, 0
B,  161, LYS,  0.6525,  -0.0157,   0.0605, 0
B,  162, ALA,  0.1869,  -0.2753,   0.0061, 0
B,  163, ILE,  0.4654,  -0.1201,   0.0313, 0
B,  164, GLU,  0.1234,  -0.3107,   0.0032, 0
B,  165, PRO,  0.0211,  -0.3677,   0.0005, 0
B,  166, ASN,  0.1551,  -0.2930,   0.0046, 6
B,  167, ASP,  0.0176,  -0.3696,   0.0005, 0
B,  168, TYR,  0.1138,  -0.3160,   0.0028, 0
B,  169, THR,  0.0210,  -0.3677,   0.0005, 0
B,  170, GLY,  0.0601,  -0.3460,   0.0012, 0
B,  171, LYS,  0.0722,  -0.3392,   0.0015, 0
B,  172, VAL,  0.0125,  -0.3725,   0.0004, 0
B,  173, SER,  0.0454,  -0.3541,   0.0009, 0
B,  174, GLU,  0.0077,  -0.3752,   0.0003, 0
B,  175, GLU,  0.0610,  -0.3454,   0.0013, 0
B,  176, ILE,  0.0630,  -0.3443,   0.0013, 0
B,  177, GLU,  0.0510,  -0.3510,   0.0010, 0
B,  178, ASP,  0.0072,  -0.3754,   0.0003, 0
B,  179, ILE,  0.1123,  -0.3169,   0.0028, 0
B,  180, ILE,  0.0721,  -0.3393,   0.0015, 0
B,  181, LYS,  0.0178,  -0.3695,   0.0005, 0
B,  182, LYS,  0.0439,  -0.3550,   0.0009, 0
B,  183, GLY,  0.1131,  -0.3164,   0.0028, 0
